<?xml version="1.0" ?>
<XML_DIZ_INFO>
	<MASTER_PAD_VERSION_INFO>
		<MASTER_PAD_VERSION>3.11</MASTER_PAD_VERSION>
		<MASTER_PAD_EDITOR>PADGen 3.1.1.47 http://www.padgen.org</MASTER_PAD_EDITOR>
		<MASTER_PAD_INFO>Portable Application Description, or PAD for short, is a data set that is used by shareware authors to disseminate information to anyone interested in their software products. To find out more go to http://pad.asp-software.org</MASTER_PAD_INFO>
	</MASTER_PAD_VERSION_INFO>
	<Company_Info>
		<Company_Name>Laurent Destailleur</Company_Name>
		<Address_1>11 rue Raymond Queneau</Address_1>
		<Address_2 />
		<City_Town>Rueil Malmaison</City_Town>
		<State_Province>Hauts-De-Seine</State_Province>
		<Zip_Postal_Code>92500</Zip_Postal_Code>
		<Country>FRANCE</Country>
		<Company_WebSite_URL>http://www.destailleur.fr</Company_WebSite_URL>
		<Contact_Info>
			<Author_First_Name>Laurent</Author_First_Name>
			<Author_Last_Name>Destailleur</Author_Last_Name>
			<Author_Email>eldy@users.sourceforge.net</Author_Email>
			<Contact_First_Name>Laurent</Contact_First_Name>
			<Contact_Last_Name>Destailleur</Contact_Last_Name>
			<Contact_Email>eldy@users.sourceforge.net</Contact_Email>
		</Contact_Info>
		<Support_Info>
			<Sales_Email>eldy@users.sourceforge.net</Sales_Email>
			<Support_Email>eldy@users.sourceforge.net</Support_Email>
			<General_Email>eldy@users.sourceforge.net</General_Email>
			<Sales_Phone />
			<Support_Phone />
			<General_Phone />
			<Fax_Phone />
		</Support_Info>
	</Company_Info>
	<Program_Info>
		<Program_Name>AWStats</Program_Name>
		<Program_Version>7.3</Program_Version>
		<Program_Release_Month>01</Program_Release_Month>
		<Program_Release_Day>26</Program_Release_Day>
		<Program_Release_Year>2014</Program_Release_Year>
		<Program_Cost_Dollars />
		<Program_Cost_Other_Code />
		<Program_Cost_Other />
		<Program_Type>Freeware</Program_Type>
		<Program_Release_Status>Major Update</Program_Release_Status>
		<Program_Install_Support>No Install Support</Program_Install_Support>
		<Program_OS_Support>Linux,Linux GPL,Linux Open Source,Mac OS X,Mac Other,OpenVMS,Unix,Win2000,Win7 x32,Win7 x64,WinServer,WinVista,WinVista x64,WinXP,Other</Program_OS_Support>
		<Program_Language>English,Arabic,Armenian,Breton,Bulgarian,Catalan,Chinese,ChineseSimplified,ChineseTraditional,Croatian,Czech,Danish,Dutch,Estonian,Finnish,French,Galician,German,Greek,Hebrew,Hungarian,Icelandic,Indonesian,Italian,Japanese,Korean,Latvian,Norwegian,Other,Polish,Portuguese,Romanian,Russian,Serbian,Slovak,Slovenian,Spanish,Swedish,Thai,Turkish,Ukrainian,Welsh</Program_Language>
		<Program_Change_Info />
		<Program_Specific_Category>Development Tools</Program_Specific_Category>
		<Program_Category_Class>Web Development::Log Analysers</Program_Category_Class>
		<Program_System_Requirements />
		<File_Info>
			<File_Size_Bytes>1347670</File_Size_Bytes>
			<File_Size_K>1316</File_Size_K>
			<File_Size_MB>1.29</File_Size_MB>
		</File_Info>
		<Expire_Info>
			<Has_Expire_Info>N</Has_Expire_Info>
			<Expire_Count />
			<Expire_Based_On>Days</Expire_Based_On>
			<Expire_Other_Info />
			<Expire_Month />
			<Expire_Day />
			<Expire_Year />
		</Expire_Info>
	</Program_Info>
	<Program_Descriptions>
		<English>
			<Keywords>awstats,opensource,log,logs,analyzer,analyze,webalyzer,analog,apache,iis,postfix,open,source,free,perl,mail,web,ftp,streaming,server,combined,file,webmin</Keywords>
			<Char_Desc_45>AWStats - Open source log file analyzer</Char_Desc_45>
			<Char_Desc_80>AWStats - Free log file analyzer for advanced web statistics (GNU GPL)</Char_Desc_80>
			<Char_Desc_250>AWStats is a free powerful and featureful server logfile analyzer that shows you</Char_Desc_250>
			<Char_Desc_450>AWStats is a free powerful and featureful web server logfile analyzer (Perl script) that shows you all your Web statistics including visits, unique visitors, pages, hits, rush hours, os, browser's versions, search engines, keywords, robots visits, broken links and more... Works with all major web, wap, proxy servers and some mail and ftp servers. Works as a CGI and/or from command line. Distributed under GNU General Public License.</Char_Desc_450>
			<Char_Desc_2000>AWStats is a free powerful and featureful tool that generates advanced web (but also ftp or mail) server



statistics, graphically. This log analyzer works as a CGI or from command line and shows you all possible information your log contains, in few graphical web pages like visits, unique vistors, authenticated users, pages, domains/countries, OS busiest times, robot visits, type of files, search engines/keywords used, visits duration, screen size, HTTP errors and more...



Statistics can be updated from a browser or your scheduler.



It uses a partial information file to be able to process large log files, often and quickly.



It can analyze log files from IIS (W3C log format), Apache log files (NCSA combined/XLF/ELF log format or common/CLF log format), WebStar and most of all web, proxy, wap, streaming servers (and ftp servers or mail logs).



The program also supports virtual servers, plugins and a lot of features.</Char_Desc_2000>
		</English>
	</Program_Descriptions>
	<Web_Info>
		<Application_URLs>
			<Application_Info_URL>http://www.awstats.org</Application_Info_URL>
			<Application_Order_URL>http://www.awstats.org</Application_Order_URL>
			<Application_Screenshot_URL>http://www.awstats.org/docs/images/screen_shot_1.png</Application_Screenshot_URL>
			<Application_Icon_URL>http://www.awstats.org/docs/images/awstats.gif</Application_Icon_URL>
			<Application_XML_File_URL>http://www.awstats.org/docs/pad_awstats.xml</Application_XML_File_URL>
		</Application_URLs>
		<Download_URLs>
			<Primary_Download_URL>http://www.awstats.org/files/awstats.zip</Primary_Download_URL>
			<Secondary_Download_URL>http://downloads.sourceforge.net/project/awstats/AWStats/7.3/awstats-7.3.tar.gz</Secondary_Download_URL>
			<Additional_Download_URL_1 />
			<Additional_Download_URL_2 />
		</Download_URLs>
	</Web_Info>
	<Permissions>
		<Distribution_Permissions />
		<EULA />
	</Permissions>
	<ASP>
		<ASP_FORM>Y</ASP_FORM>
		<ASP_Member>N</ASP_Member>
		<ASP_Member_Number />
	</ASP>
	<Affiliates>
		<Affiliates_FORM>Y</Affiliates_FORM>
		<Affiliates_VERSION>1.4</Affiliates_VERSION>
		<Affiliates_URL>http://pad.asp-software.org/extensions/Affiliates.htm</Affiliates_URL>
		<Affiliates_Information_Page />
		<Affiliates_Avangate_Order_Page />
		<Affiliates_Avangate_Vendor_ID />
		<Affiliates_Avangate_Product_ID />
		<Affiliates_Avangate_Maximum_Commission_Rate />
		<Affiliates_BMTMicro_Order_Page />
		<Affiliates_BMTMicro_Vendor_ID />
		<Affiliates_BMTMicro_Product_ID />
		<Affiliates_BMTMicro_Maximum_Commission_Rate />
		<Affiliates_Cleverbridge_Order_Page />
		<Affiliates_Cleverbridge_Vendor_ID />
		<Affiliates_Cleverbridge_Product_ID />
		<Affiliates_Cleverbridge_Maximum_Commission_Rate />
		<Affiliates_clixGalore_Order_Page />
		<Affiliates_clixGalore_Vendor_ID />
		<Affiliates_clixGalore_Product_ID />
		<Affiliates_clixGalore_Maximum_Commission_Rate />
		<Affiliates_CommissionJunction_Order_Page />
		<Affiliates_CommissionJunction_Vendor_ID />
		<Affiliates_CommissionJunction_Product_ID />
		<Affiliates_CommissionJunction_Maximum_Commission_Rate />
		<Affiliates_DigiBuy_Order_Page />
		<Affiliates_DigiBuy_Vendor_ID />
		<Affiliates_DigiBuy_Product_ID />
		<Affiliates_DigiBuy_Maximum_Commission_Rate />
		<Affiliates_DigitalCandle_Order_Page />
		<Affiliates_DigitalCandle_Vendor_ID />
		<Affiliates_DigitalCandle_Product_ID />
		<Affiliates_DigitalCandle_Maximum_Commission_Rate />
		<Affiliates_Emetrix_Order_Page />
		<Affiliates_Emetrix_Vendor_ID />
		<Affiliates_Emetrix_Product_ID />
		<Affiliates_Emetrix_Maximum_Commission_Rate />
		<Affiliates_eSellerate_Order_Page />
		<Affiliates_eSellerate_Vendor_ID />
		<Affiliates_eSellerate_Product_ID />
		<Affiliates_eSellerate_Maximum_Commission_Rate />
		<Affiliates_Kagi_Order_Page />
		<Affiliates_Kagi_Vendor_ID />
		<Affiliates_Kagi_Product_ID />
		<Affiliates_Kagi_Maximum_Commission_Rate />
		<Affiliates_LinkShare_Order_Page />
		<Affiliates_LinkShare_Vendor_ID />
		<Affiliates_LinkShare_Product_ID />
		<Affiliates_LinkShare_Maximum_Commission_Rate />
		<Affiliates_NorthStarSol_Order_Page />
		<Affiliates_NorthStarSol_Vendor_ID />
		<Affiliates_NorthStarSol_Product_ID />
		<Affiliates_NorthStarSol_Maximum_Commission_Rate />
		<Affiliates_OneNetworkDirect_Order_Page />
		<Affiliates_OneNetworkDirect_Vendor_ID />
		<Affiliates_OneNetworkDirect_Product_ID />
		<Affiliates_OneNetworkDirect_Maximum_Commission_Rate />
		<Affiliates_Order1_Order_Page />
		<Affiliates_Order1_Vendor_ID />
		<Affiliates_Order1_Product_ID />
		<Affiliates_Order1_Maximum_Commission_Rate />
		<Affiliates_Osolis_Order_Page />
		<Affiliates_Osolis_Vendor_ID />
		<Affiliates_Osolis_Product_ID />
		<Affiliates_Osolis_Maximum_Commission_Rate />
		<Affiliates_Plimus_Order_Page />
		<Affiliates_Plimus_Vendor_ID />
		<Affiliates_Plimus_Product_ID />
		<Affiliates_Plimus_Maximum_Commission_Rate />
		<Affiliates_Regnet_Order_Page />
		<Affiliates_Regnet_Vendor_ID />
		<Affiliates_Regnet_Product_ID />
		<Affiliates_Regnet_Maximum_Commission_Rate />
		<Affiliates_Regnow_Order_Page />
		<Affiliates_Regnow_Vendor_ID />
		<Affiliates_Regnow_Product_ID />
		<Affiliates_Regnow_Maximum_Commission_Rate />
		<Affiliates_Regsoft_Order_Page />
		<Affiliates_Regsoft_Vendor_ID />
		<Affiliates_Regsoft_Product_ID />
		<Affiliates_Regsoft_Maximum_Commission_Rate />
		<Affiliates_ShareIt_Order_Page />
		<Affiliates_ShareIt_Vendor_ID />
		<Affiliates_ShareIt_Product_ID />
		<Affiliates_ShareIt_Maximum_Commission_Rate />
		<Affiliates_Shareasale_Order_Page />
		<Affiliates_Shareasale_Vendor_ID />
		<Affiliates_Shareasale_Product_ID />
		<Affiliates_Shareasale_Maximum_Commission_Rate />
		<Affiliates_SWReg_Order_Page />
		<Affiliates_SWReg_Vendor_ID />
		<Affiliates_SWReg_Product_ID />
		<Affiliates_SWReg_Maximum_Commission_Rate />
		<Affiliates_V-Share_Order_Page />
		<Affiliates_V-Share_Vendor_ID />
		<Affiliates_V-Share_Product_ID />
		<Affiliates_V-Share_Maximum_Commission_Rate />
		<Affiliates_VFree_Order_Page />
		<Affiliates_VFree_Vendor_ID />
		<Affiliates_VFree_Product_ID />
		<Affiliates_VFree_Maximum_Commission_Rate />
		<Affiliates_Yaskifo_Order_Page />
		<Affiliates_Yaskifo_Vendor_ID />
		<Affiliates_Yaskifo_Product_ID />
		<Affiliates_Yaskifo_Maximum_Commission_Rate />
	</Affiliates>
</XML_DIZ_INFO>
